<?xml version="1.0" encoding="UTF-8"?>
<!DOCTYPE editor-preferences PUBLIC "-//NetBeans//DTD Editor Preferences 1.0//EN" "http://www.netbeans.org/dtds/EditorPreferences-1_0.dtd">
<editor-preferences>
    <entry javaType="java.lang.Boolean" name="code-folding-collapse-initial-comment" xml:space="preserve"><value><![CDATA[false]]></value></entry>
    <entry javaType="java.lang.Boolean" name="code-folding-collapse-tags" xml:space="preserve"><value><![CDATA[false]]></value></entry>
    <entry name="abbrev-reset-acceptor" remove="true"/>
    <entry name="code-folding-collapse-comment" remove="true"/>
    <entry name="code-folding-collapse-innerclass" remove="true"/>
    <entry name="code-folding-collapse-javadoc" remove="true"/>
    <entry name="code-folding-collapse-method" remove="true"/>
    <entry name="goto-class-case-sensitive" remove="true"/>
    <entry name="goto-class-show-inner-classes" remove="true"/>
    <entry name="goto-class-show-library-classes" remove="true"/>
    <entry name="guessMethodArguments" remove="true"/>
    <entry name="identifier-acceptor" remove="true"/>
    <entry name="indent-hot-chars-acceptor" remove="true"/>
    <entry name="pair-characters-completion" remove="true"/>
    <entry name="reindent-with-text-before" remove="true"/>
    <entry name="show-deprecated-members" remove="true"/>
    <entry name="token-context-list" remove="true"/>
    <entry name="word-match-match-case" remove="true"/>
</editor-preferences>
